event_id,event_name,event_url,event_date,event_time,event_genre,event_subgenre,min_price,max_price,ticket_limit,venue_id,venue_name,venue_city,venue_address,venue_state,venue_latitude,venue_longitude,venue_market,main_attraction
vvG1bZ9MwOsvtU,P!NK: Summer Carnival 2024,https://www.ticketmaster.com/pnk-summer-carnival-2024-saint-louis-missouri-08-10-2024/event/06005F7CA0C41A76,2024-08-10,18:30:00,Rock,Pop,39.95,339.95,4.0,KovZpZA6AJeA,The Dome at America's Center,Saint Louis,701 Convention Plaza,Missouri,38.630801,-90.191488,Saint Louis and More,P!NK
vvG17Z9MBX0JyU,P!NK: Summer Carnival 2024,https://www.ticketmaster.com/pnk-summer-carnival-2024-foxborough-massachusetts-08-21-2024/event/01005F7EBE926E76,2024-08-21,18:30:00,Rock,Pop,59.11,340.0,4.0,KovZpZA6kvlA,Gillette Stadium,Foxborough,1 Patriot Place,Massachusetts,42.090918,-71.264321,Boston,P!NK
k7vGFbCN5nPpg,Return of the Blue and Red Pres. by Connors & Ferris and Ticketmaster,https://www.ticketmaster.com/return-of-the-blue-and-red-orchard-park-new-york-08-02-2024/event/000060E8CBAA55B5,2024-08-02,17:30:00,Football,NFL,,,,KovZpZAdJ1vA,Highmark Stadium,Orchard Park,1 Bills Drive,New York,42.773743,-78.786955,Upstate New York,Buffalo Bills
vvG18Z9Mzzn05q,P!NK: Summer Carnival 2024,https://www.ticketmaster.com/pnk-summer-carnival-2024-chicago-illinois-08-24-2024/event/04005F7E38AA42DD,2024-08-24,18:30:00,Rock,Pop,49.95,349.95,20.0,KovZpZAF6tIA,Soldier Field,Chicago,1410 S. Museum Campus Drive,Illinois,41.86205404,-87.61682143,Chicagoland and Northern Il,P!NK
vvG1FZ9MMoSUKo,P!NK: Summer Carnival 2024,https://www.ticketmaster.com/pnk-summer-carnival-2024-philadelphia-pennsylvania-08-18-2024/event/02005F7DD1CF64D1,2024-08-18,18:30:00,Rock,Pop,49.95,319.95,4.0,KovZpa2yme,Lincoln Financial Field,Philadelphia,One Lincoln Financial Way,Pennsylvania,39.900706,-75.167406,Philadelphia,P!NK
k7vGF9z6xPpDI,P!NK: Summer Carnival 2024,https://www.ticketmaster.com/pnk-summer-carnival-2024-east-rutherford-new-jersey-10-03-2024/event/00005F81E2956EE8,2024-10-03,18:30:00,Rock,Pop,56.0,326.0,4.0,KovZpakS7e,MetLife Stadium,East Rutherford,One MetLife Stadium Drive,New Jersey,40.81359,-74.074493,New York/Tri-State Area,P!NK
vvG1fZ9MD144Ni,P!NK: Summer Carnival 2024,https://www.ticketmaster.com/pnk-summer-carnival-2024-indianapolis-indiana-10-12-2024/event/05005F7ECA5558EC,2024-10-12,18:30:00,Rock,Pop,49.95,299.95,4.0,KovZpZAdEJEA,Lucas Oil Stadium,Indianapolis,500 S. Capitol Ave.,Indiana,39.76007,-86.163821,Indianapolis and More,P!NK
vvG1YZ9ASfN7Jv,P!NK: Summer Carnival 2024,https://www.ticketmaster.com/pnk-summer-carnival-2024-arlington-texas-11-06-2024/event/0C005C5CD48C4981,2024-11-06,18:30:00,Rock,Pop,30.0,374.95,4.0,KovZ917A-X0,Globe Life Field,Arlington,734 Stadium Drive,Texas,32.747242,-97.083796,Dallas - Fort Worth and More,P!NK
G5vjZ9MgvYMih,P!NK: Summer Carnival 2024,https://www.ticketmaster.com/pnk-summer-carnival-2024-las-vegas-nevada-09-13-2024/event/17005F7D41C37B1B,2024-09-13,18:30:00,Rock,Pop,70.0,299.95,4.0,KovZ917Ax7n,Allegiant Stadium,Las Vegas,3333 Al Davis Way,Nevada,36.0909,-115.1833,Las Vegas,P!NK
1AvjZbaGkMZUx3l,Eagles Live at Sphere,https://www.ticketmaster.com/eagles-live-at-sphere-las-vegas-nevada-09-20-2024/event/1700609DC0DA24AB,2024-09-20,20:30:00,Rock,Pop,127.5,318.5,4.0,KovZ917Atbr,Sphere,Las Vegas,255 Sands Avenue,Nevada,36.1207267,-115.1642896,Las Vegas,Eagles
k7vGF9MQsrwdx,P!NK: Summer Carnival 2024,https://www.ticketmaster.com/pnk-summer-carnival-2024-syracuse-new-york-10-06-2024/event/00005F76B17B20E2,2024-10-06,18:30:00,Rock,Pop,49.95,330.0,4.0,KovZpakwYe,JMA Wireless Dome ,Syracuse,900 Irving Avenue,New York,43.03626312,-76.1361305,Upstate New York,P!NK
vvG1IZ9MV6Cf_5,P!NK: Summer Carnival 2024,https://www.ticketmaster.com/pnk-summer-carnival-2024-san-diego-california-09-11-2024/event/0A005F7D0739464B,2024-09-11,18:30:00,Rock,Pop,45.95,299.95,,KovZpa4cFe,Petco Park,San Diego,100 Park Blvd,California,32.70709659,-117.15680771,San Diego,P!NK
G5eFZ9MMqasQK,P!NK: Summer Carnival 2024,https://www.ticketmaster.com/pnk-summer-carnival-2024-orlando-florida-11-18-2024/event/22005F7DDD271693,2024-11-18,18:30:00,Rock,Pop,49.95,299.95,4.0,KovZpZAJFAkA,Camping World Stadium,Orlando,1 Citrus Bowl Place,Florida,28.538255,-81.402071,Orlando,P!NK
vvG18Zb5epIszq,Discover NHL Winter Classic- St. Louis Blues v Chicago Blackhawks,https://www.ticketmaster.com/discover-nhl-winter-classic-st-louis-chicago-illinois-12-31-2024/event/040060B096A31E1D,2024-12-31,16:00:00,Hockey,NHL,125.0,875.05,4.0,KovZpZAFlktA,Wrigley Field,Chicago,1060 West Addison,Illinois,41.947304,-87.656447,Chicagoland and Northern Il,NHL Winter Classic®
vvG1FZ9zk0cfPA,P!NK: Summer Carnival 2024,https://www.ticketmaster.com/pnk-summer-carnival-2024-hershey-pennsylvania-10-01-2024/event/02005F81A4B54945,2024-10-01,18:30:00,Rock,Pop,49.95,319.95,4.0,KovZpaoU8e,Hersheypark Stadium,Hershey,100 W Hersheypark Dr,Pennsylvania,40.290715,-76.660281,Philadelphia,P!NK
vvG1iZ9MU99saA,P!NK: Summer Carnival 2024,https://www.ticketmaster.com/pnk-summer-carnival-2024-los-angeles-california-09-15-2024/event/0B005F7D975F1245,2024-09-15,18:30:00,Rock,Pop,49.95,299.95,4.0,KovZpa2W1e,Dodger Stadium,Los Angeles,1000 Elysian Park Ave,California,34.07359365,-118.23992227,Los Angeles,P!NK
G5d0Z9YlaQsP_,SHANIA TWAIN - COME ON OVER The Las Vegas Residency - All The Hits!,https://www.ticketmaster.com/shania-twain-come-on-over-the-las-vegas-nevada-08-23-2024/event/39005F0AC96B1959,2024-08-23,20:00:00,Country,Country,100.0,452.0,4.0,KovZpZAJalEA,Bakkt Theater at Planet Hollywood,Las Vegas,3667 S Las Vegas Blvd,Nevada,36.10961689,-115.17247058,Las Vegas,Shania Twain
vv1A7ZkeKGkduOwi0,Imagine Dragons: LOOM WORLD TOUR,https://concerts.livenation.com/imagine-dragons-loom-world-tour-tinley-park-illinois-08-18-2024/event/04006093CD832B24,2024-08-18,19:00:00,Rock,Pop,50.0,229.5,20.0,KovZpZAEktFA,Credit Union 1 Amphitheatre,Tinley Park,19100 S Ridgeland,Illinois,41.5426094,-87.7711753,Chicagoland and Northern Il,Imagine Dragons
vvG1FZbGntEKAq,Philadelphia Eagles Training Camp Practice,https://www.ticketmaster.com/philadelphia-eagles-training-camp-practice-philadelphia-pennsylvania-08-01-2024/event/020060CAA99D315D,2024-08-01,18:30:00,Football,NFL,10.0,10.0,,KovZpa2yme,Lincoln Financial Field,Philadelphia,One Lincoln Financial Way,Pennsylvania,39.900706,-75.167406,Philadelphia,Philadelphia Eagles
vv1AOvO0tGA23Kqd,Imagine Dragons: LOOM WORLD TOUR,https://concerts.livenation.com/imagine-dragons-loom-world-tour-camden-new-jersey-07-30-2024/event/020060929F493743,2024-07-30,19:00:00,Rock,Pop,39.5,179.5,4.0,KovZpZAEAIEA,Freedom Mortgage Pavilion ,Camden,1 Harbour Blvd,New Jersey,39.940917,-75.12875,Philadelphia,Imagine Dragons
G5vYZbadG53zZ,Imagine Dragons: LOOM WORLD TOUR,https://concerts.livenation.com/imagine-dragons-loom-world-tour-mountain-view-california-10-20-2024/event/1C006090CC2D2E00,2024-10-20,19:00:00,Rock,Pop,65.0,259.5,4.0,KovZpZA6ta1A,Shoreline Amphitheatre,Mountain View,One Amphitheatre Parkway,California,37.426718,-122.080722,N. California/N. Nevada,Imagine Dragons
vv1AAZkeoGkdB9Jh9,Imagine Dragons: LOOM WORLD TOUR,https://concerts.livenation.com/imagine-dragons-loom-world-tour-noblesville-indiana-08-20-2024/event/05006091FA5E66D7,2024-08-20,19:00:00,Rock,Pop,45.0,249.5,20.0,KovZpvEk7A,Ruoff Music Center,Noblesville,12880 E. 146th St.,Indiana,40.00373203,-85.93427182,Indianapolis and More,Imagine Dragons
17AYvOG6Gbf3f_C,Eagles Live at Sphere,https://www.ticketmaster.com/eagles-live-at-sphere-las-vegas-nevada-09-21-2024/event/170060C61449464E,2024-09-21,20:30:00,Rock,Pop,127.5,318.5,4.0,KovZ917Atbr,Sphere,Las Vegas,255 Sands Avenue,Nevada,36.1207267,-115.1642896,Las Vegas,Eagles
vvG1HZ90nBI3Rk,P!NK Live 2024,https://www.ticketmaster.com/pnk-live-2024-tacoma-washington-09-03-2024/event/0F005E4ABAA12BC6,2024-09-03,19:30:00,Rock,Pop,74.0,384.0,4.0,KovZpa3zGe,Tacoma Dome,Tacoma,2727 East D St,Washington,47.23634,-122.426834,Seattle Area,P!NK
vvG1HZba6AKdVV,Imagine Dragons: LOOM WORLD TOUR,https://concerts.livenation.com/imagine-dragons-loom-world-tour-george-washington-09-28-2024/event/0F006091C54C3D34,2024-09-28,19:00:00,Rock,Pop,54.5,209.5,8.0,KovZpZAEkk1A,Gorge Amphitheatre,George,754 Silica Road NW,Washington,47.0959472,-119.982652,Seattle Area,Imagine Dragons
17AYvOG6Gbfp0_x,Eagles Live at Sphere,https://www.ticketmaster.com/eagles-live-at-sphere-las-vegas-nevada-10-11-2024/event/170060C6145A4662,2024-10-11,20:30:00,Rock,Pop,127.5,318.5,4.0,KovZ917Atbr,Sphere,Las Vegas,255 Sands Avenue,Nevada,36.1207267,-115.1642896,Las Vegas,Eagles
vv1AvZke3GkenrNYG,Imagine Dragons: LOOM WORLD TOUR,https://concerts.livenation.com/imagine-dragons-loom-world-tour-mansfield-massachusetts-08-06-2024/event/01006092AA7A3C0C,2024-08-06,19:00:00,Rock,Pop,49.5,239.5,20.0,KovZpZAEAElA,Xfinity Center,Mansfield,885 S Main St,Massachusetts,41.99243664,-71.220253,Boston,Imagine Dragons
1A4ZkeKGkddMAAl,Imagine Dragons: LOOM WORLD TOUR,https://concerts.livenation.com/imagine-dragons-loom-world-tour-bristow-virginia-08-22-2024/event/15006093C3DC516B,2024-08-22,19:00:00,Rock,Pop,39.5,199.5,4.0,KovZpZAEk6JA,Jiffy Lube Live,Bristow,7800 Cellar Door Drive,Virginia,38.7861199,-77.587777,Virginia,Imagine Dragons
17AYvOG6GbfKV_b,Eagles Live at Sphere,https://www.ticketmaster.com/eagles-live-at-sphere-las-vegas-nevada-09-27-2024/event/170060C6144F4658,2024-09-27,20:30:00,Rock,Pop,127.5,318.5,4.0,KovZ917Atbr,Sphere,Las Vegas,255 Sands Avenue,Nevada,36.1207267,-115.1642896,Las Vegas,Eagles
17AYvOG6GbfVfQ8,Eagles Live at Sphere,https://www.ticketmaster.com/eagles-live-at-sphere-las-vegas-nevada-11-09-2024/event/170060C614D14690,2024-11-09,20:30:00,Rock,Pop,127.5,318.5,4.0,KovZ917Atbr,Sphere,Las Vegas,255 Sands Avenue,Nevada,36.1207267,-115.1642896,Las Vegas,Eagles
vvG1HZ90nBt3RO,P!NK Live 2024,https://www.ticketmaster.com/pnk-live-2024-tacoma-washington-09-04-2024/event/0F005E4ABAA52BE0,2024-09-04,19:30:00,Rock,Pop,63.95,299.95,4.0,KovZpa3zGe,Tacoma Dome,Tacoma,2727 East D St,Washington,47.23634,-122.426834,Seattle Area,P!NK
17AYvOG6GbfY0Q7,Eagles Live at Sphere,https://www.ticketmaster.com/eagles-live-at-sphere-las-vegas-nevada-11-02-2024/event/170060C614C24684,2024-11-02,20:30:00,Rock,Pop,127.5,318.5,4.0,KovZ917Atbr,Sphere,Las Vegas,255 Sands Avenue,Nevada,36.1207267,-115.1642896,Las Vegas,Eagles
17AYvOG6Gbff0_Q,Eagles Live at Sphere,https://www.ticketmaster.com/eagles-live-at-sphere-las-vegas-nevada-09-28-2024/event/170060C61452465A,2024-09-28,20:30:00,Rock,Pop,127.5,318.5,4.0,KovZ917Atbr,Sphere,Las Vegas,255 Sands Avenue,Nevada,36.1207267,-115.1642896,Las Vegas,Eagles
vvG1YZba5rcN_N,Imagine Dragons: LOOM WORLD TOUR,https://concerts.livenation.com/imagine-dragons-loom-world-tour-dallas-texas-09-04-2024/event/0C006092DEB63663,2024-09-04,19:00:00,Rock,Pop,59.5,269.5,4.0,KovZpZAEAFeA,Dos Equis Pavilion,Dallas,3839 S Fitzhugh,Texas,32.77507215,-96.75646586,Dallas - Fort Worth and More,Imagine Dragons
17AYvOG6Gbflf_i,Eagles Live at Sphere,https://www.ticketmaster.com/eagles-live-at-sphere-las-vegas-nevada-10-12-2024/event/170060C614AD466C,2024-10-12,20:30:00,Rock,Pop,127.5,318.5,4.0,KovZ917Atbr,Sphere,Las Vegas,255 Sands Avenue,Nevada,36.1207267,-115.1642896,Las Vegas,Eagles
17AYvOG6Gbfc7_Y,Eagles Live at Sphere,https://www.ticketmaster.com/eagles-live-at-sphere-las-vegas-nevada-10-18-2024/event/170060C614B44670,2024-10-18,20:30:00,Rock,Pop,127.5,318.5,4.0,KovZ917Atbr,Sphere,Las Vegas,255 Sands Avenue,Nevada,36.1207267,-115.1642896,Las Vegas,Eagles
17AYvOG6GbfSfQC,Eagles Live at Sphere,https://www.ticketmaster.com/eagles-live-at-sphere-las-vegas-nevada-11-08-2024/event/170060C614CD468E,2024-11-08,20:30:00,Rock,Pop,127.5,318.5,4.0,KovZ917Atbr,Sphere,Las Vegas,255 Sands Avenue,Nevada,36.1207267,-115.1642896,Las Vegas,Eagles
17AYvOG6GbfcV_M,Eagles Live at Sphere,https://www.ticketmaster.com/eagles-live-at-sphere-las-vegas-nevada-10-19-2024/event/170060C614B74677,2024-10-19,20:30:00,Rock,Pop,127.5,318.5,4.0,KovZ917Atbr,Sphere,Las Vegas,255 Sands Avenue,Nevada,36.1207267,-115.1642896,Las Vegas,Eagles
vvG1IZba5BR7rW,Imagine Dragons: LOOM WORLD TOUR,https://concerts.livenation.com/imagine-dragons-loom-world-tour-chula-vista-california-10-05-2024/event/0A006092FABC47BD,2024-10-05,19:00:00,Rock,Pop,49.5,199.5,4.0,KovZpa2WZe,North Island Credit Union Amphitheatre,Chula Vista,2050 Entertainment Circle,California,32.58830386,-117.00640802,San Diego,Imagine Dragons
17AYvOG6GbfRVQe,Eagles Live at Sphere,https://www.ticketmaster.com/eagles-live-at-sphere-las-vegas-nevada-11-01-2024/event/170060C614BF4682,2024-11-01,20:30:00,Rock,Pop,127.5,318.5,4.0,KovZ917Atbr,Sphere,Las Vegas,255 Sands Avenue,Nevada,36.1207267,-115.1642896,Las Vegas,Eagles
vvG1VZbaCf3xQu,Imagine Dragons: LOOM WORLD TOUR,https://concerts.livenation.com/imagine-dragons-loom-world-tour-tampa-florida-09-01-2024/event/0D006093944A268D,2024-09-01,19:00:00,Rock,Pop,59.5,229.5,4.0,KovZpZAEkA7A,MIDFLORIDA Credit Union Amphitheatre at the FL State Fairgrounds,Tampa,4802 US Highway 301 North,Florida,27.993244,-82.36499,Tampa,Imagine Dragons
G5dIZbaCTV4r1,Imagine Dragons: LOOM WORLD TOUR,https://concerts.livenation.com/imagine-dragons-loom-world-tour-the-woodlands-texas-09-06-2024/event/3A006093BFD1578A,2024-09-06,19:00:00,Rock,Pop,69.5,239.5,4.0,KovZpZAE6k6A,The Cynthia Woods Mitchell Pavilion presented by Huntsman,The Woodlands,2005 Lake Robbins Dr,Texas,30.16190839,-95.46435087,Houston and More,Imagine Dragons
G5eVZbFwNp7la,Imagine Dragons: LOOM WORLD TOUR,https://concerts.livenation.com/imagine-dragons-loom-world-tour-charlotte-north-carolina-08-28-2024/event/2D00608CA3584AC9,2024-08-28,19:00:00,Rock,Pop,59.5,209.5,4.0,KovZpZAEkeJA,PNC Music Pavilion,Charlotte,707 Pavilion Boulevard,North Carolina,35.327362,-80.7106699,Charlotte,Imagine Dragons
1A_Zke3GkeUDwco,Imagine Dragons: LOOM WORLD TOUR,https://concerts.livenation.com/imagine-dragons-loom-world-tour-phoenix-arizona-10-06-2024/event/19006092B6EF2B51,2024-10-06,19:00:00,Rock,Pop,39.5,209.5,4.0,KovZpZAE6vJA,Talking Stick Resort Amphitheatre,Phoenix,2121 N 83rd Ave,Arizona,33.470823,-112.232875,Phoenix and Tucson,Imagine Dragons
G5vVZ9whGGfg0,New York Yankees vs. Tampa Bay Rays,https://www.ticketmaster.com/new-york-yankees-vs-tampa-bay-bronx-new-york-07-21-2024/event/1D005F26CC314D64,2024-07-21,13:35:00,Baseball,MLB,40.0,395.0,19.0,KovZpZA6t77A,Yankee Stadium,Bronx,1 East 161st Street,New York,40.8285237,-73.9276264,New York/Tri-State Area,New York Yankees
vv1AeZke3Gke-mKnG,Imagine Dragons: LOOM WORLD TOUR,https://concerts.livenation.com/imagine-dragons-loom-world-tour-holmdel-new-jersey-08-04-2024/event/02006092A1B93A8C,2024-08-04,19:00:00,Rock,Pop,59.5,249.5,4.0,KovZpZAEAIIA,PNC Bank Arts Center,Holmdel,"Exit 116, Garden State Pkwy",New Jersey,40.410434,-74.1377399,New York/Tri-State Area,Imagine Dragons
1A4Zke3Gkddh4hJ,Imagine Dragons: LOOM WORLD TOUR,https://www.ticketmaster.com/imagine-dragons-loom-world-tour-columbia-maryland-08-23-2024/event/15006092C36D56E6,2024-08-23,19:00:00,Rock,Pop,59.5,239.5,4.0,KovZpZA1JkvA,Merriweather Post Pavilion,Columbia,10475 Little Patuxent Parkway,Maryland,39.209019,-76.862583," DC and Maryland""",Imagine Dragons
vvG1iZb5SOcNv6,Imagine Dragons: LOOM WORLD TOUR,https://www.ticketmaster.com/imagine-dragons-loom-world-tour-hollywood-california-10-26-2024/event/0B0060BCE0B63047,2024-10-26,19:00:00,Rock,Pop,59.5,299.5,4.0,KovZpZAFFvJA,Hollywood Bowl,Hollywood,2301 N Highland Ave,California,34.11177334,-118.33851469,Los Angeles,Imagine Dragons
vv1AkZkeoGkdkO4gY,Imagine Dragons: LOOM WORLD TOUR,https://concerts.livenation.com/imagine-dragons-loom-world-tour-maryland-heights-missouri-08-16-2024/event/06006091C6815D70,2024-08-16,19:00:00,Rock,Pop,45.0,199.5,4.0,KovZpZAEAnaA,"Hollywood Casino Amphitheatre - St. Louis, MO",Maryland Heights,14141 Riverport Dr,Missouri,38.7456419,-90.469956,Saint Louis and More,Imagine Dragons
vvG1VZba7EsVKw,Imagine Dragons: LOOM WORLD TOUR,https://concerts.livenation.com/imagine-dragons-loom-world-tour-west-palm-beach-florida-08-30-2024/event/0D00609127C744F2,2024-08-30,19:00:00,Rock,Pop,59.5,239.5,4.0,KovZpZAEkvEA,iTHINK Financial Amphitheatre ,West Palm Beach,601-7 Sansburys Way,Florida,26.685439,-80.18676,Miami,Imagine Dragons
17AYvOG6GbfgVQK,Eagles Live at Sphere,https://www.ticketmaster.com/eagles-live-at-sphere-las-vegas-nevada-12-06-2024/event/170060C614D74693,2024-12-06,20:30:00,Rock,Pop,127.5,318.5,4.0,KovZ917Atbr,Sphere,Las Vegas,255 Sands Avenue,Nevada,36.1207267,-115.1642896,Las Vegas,Eagles
G5vzZba5qLKl0,Imagine Dragons: LOOM WORLD TOUR,https://concerts.livenation.com/imagine-dragons-loom-world-tour-west-valley-city-utah-10-11-2024/event/1E006092DD7D3AE4,2024-10-11,19:00:00,Rock,Pop,39.5,239.5,4.0,KovZpZA1lleA,Utah First Credit Union Amphitheatre (formerly USANA Amp),West Valley City,5150 South 6055 West,Utah,40.65743789,-112.04072602," Montana & Idaho""",Imagine Dragons
17AYvOG6GbfUfQp,Eagles Live at Sphere,https://www.ticketmaster.com/eagles-live-at-sphere-las-vegas-nevada-12-07-2024/event/170060C614D94696,2024-12-07,20:30:00,Rock,Pop,127.5,318.5,4.0,KovZ917Atbr,Sphere,Las Vegas,255 Sands Avenue,Nevada,36.1207267,-115.1642896,Las Vegas,Eagles
17AYvOG6GbfzVQt,Eagles Live at Sphere,https://www.ticketmaster.com/eagles-live-at-sphere-las-vegas-nevada-12-14-2024/event/170060C614E346A9,2024-12-14,20:30:00,Rock,Pop,127.5,318.5,4.0,KovZ917Atbr,Sphere,Las Vegas,255 Sands Avenue,Nevada,36.1207267,-115.1642896,Las Vegas,Eagles
G5vzZbaLGfSn4,Imagine Dragons: LOOM WORLD TOUR,https://concerts.livenation.com/imagine-dragons-loom-world-tour-west-valley-city-utah-10-12-2024/event/1E006097CC533A95,2024-10-12,19:00:00,Rock,Pop,39.5,239.5,4.0,KovZpZA1lleA,Utah First Credit Union Amphitheatre (formerly USANA Amp),West Valley City,5150 South 6055 West,Utah,40.65743789,-112.04072602," Montana & Idaho""",Imagine Dragons
vvG1iZba5e-ejk,Imagine Dragons: LOOM WORLD TOUR,https://www.ticketmaster.com/imagine-dragons-loom-world-tour-hollywood-california-10-22-2024/event/0B006092C2842706,2024-10-22,19:00:00,Rock,Pop,59.5,299.5,4.0,KovZpZAFFvJA,Hollywood Bowl,Hollywood,2301 N Highland Ave,California,34.11177334,-118.33851469,Los Angeles,Imagine Dragons
vv1AFZkeKGkdFtShy,Imagine Dragons: LOOM WORLD TOUR,https://www.ticketmaster.com/imagine-dragons-loom-world-tour-clarkston-michigan-08-12-2024/event/08006093C8A736F9,2024-08-12,19:00:00,Rock,Pop,84.5,209.5,20.0,KovZpa3swe,Pine Knob Music Theatre,Clarkston,33 Bob Seger Drive,Michigan,42.75098483,-83.3802299," Toledo & More""",Imagine Dragons
vv1A8vO0tGA2nK25,Imagine Dragons: LOOM WORLD TOUR,https://concerts.livenation.com/imagine-dragons-loom-world-tour-virginia-beach-virginia-08-26-2024/event/010060929FA933CB,2024-08-26,19:00:00,Rock,Pop,49.5,199.5,8.0,KovZpZAEAIdA,Veterans United Home Loans Amphitheater at Virginia Beach,Virginia Beach,3550 Cellar Door Way,Virginia,36.769107,-76.103685,Virginia,Imagine Dragons
G5vYZbaA13gXN,Imagine Dragons: LOOM WORLD TOUR,https://concerts.livenation.com/imagine-dragons-loom-world-tour-wheatland-california-10-02-2024/event/1C0060914A4B5FA3,2024-10-02,19:00:00,Rock,Pop,42.5,209.5,4.0,KovZpaFEIe,Toyota Amphitheatre,Wheatland,2677 Forty Mile Road,California,39.031072,-121.510309,N. California/N. Nevada,Imagine Dragons
G5vVZbau04OVL,Imagine Dragons: LOOM WORLD TOUR,https://concerts.livenation.com/imagine-dragons-loom-world-tour-wantagh-new-york-08-02-2024/event/1D00609364560D1F,2024-08-02,19:00:00,Rock,Pop,49.5,269.5,4.0,KovZpZAE6eAA,Northwell at Jones Beach Theater,Wantagh,895 Bay Parkway,New York,40.6014755,-73.5023618,New York/Tri-State Area,Imagine Dragons
vvG1HZba58DSg-,Imagine Dragons: LOOM WORLD TOUR,https://concerts.livenation.com/imagine-dragons-loom-world-tour-ridgefield-washington-09-29-2024/event/0F006092D0EF3D61,2024-09-29,19:00:00,Rock,Pop,55.0,209.5,8.0,KovZpZAJld6A,RV Inn Style Resorts Amphitheater ,Ridgefield,17200 NE Delfel Road,Washington,45.750612,-122.674434,Portland and More,Imagine Dragons
17AYvOG6Gbfz7QJ,Eagles Live at Sphere,https://www.ticketmaster.com/eagles-live-at-sphere-las-vegas-nevada-12-13-2024/event/170060C614E046A6,2024-12-13,20:30:00,Rock,Pop,127.5,318.5,4.0,KovZ917Atbr,Sphere,Las Vegas,255 Sands Avenue,Nevada,36.1207267,-115.1642896,Las Vegas,Eagles
vvG1iZbah89wNY,Imagine Dragons: LOOM WORLD TOUR,https://www.ticketmaster.com/imagine-dragons-loom-world-tour-hollywood-california-10-23-2024/event/0B006096D05F28F0,2024-10-23,19:00:00,Rock,Pop,59.5,299.5,4.0,KovZpZAFFvJA,Hollywood Bowl,Hollywood,2301 N Highland Ave,California,34.11177334,-118.33851469,Los Angeles,Imagine Dragons
G5vVZ9whGu7gc,New York Yankees vs. New York Mets,https://www.ticketmaster.com/new-york-yankees-vs-new-york-bronx-new-york-07-23-2024/event/1D005F26CC344D6D,2024-07-23,19:05:00,Baseball,MLB,75.0,480.0,19.0,KovZpZA6t77A,Yankee Stadium,Bronx,1 East 161st Street,New York,40.8285237,-73.9276264,New York/Tri-State Area,New York Yankees
1AvjZbFGkX-kOX2,Las Vegas Raiders vs. Dallas Cowboys,https://www.ticketmaster.com/las-vegas-raiders-vs-dallas-cowboys-las-vegas-nevada-08-17-2024/event/1700608FA11A0F8F,2024-08-17,19:00:00,Football,NFL,150.0,550.0,4.0,KovZ917Ax7n,Allegiant Stadium,Las Vegas,3333 Al Davis Way,Nevada,36.0909,-115.1833,Las Vegas,Las Vegas Raiders
1ApZkeKGkdrhkM6,Imagine Dragons: LOOM WORLD TOUR,https://concerts.livenation.com/imagine-dragons-loom-world-tour-burgettstown-pennsylvania-08-14-2024/event/16006093DE6C6DC7,2024-08-14,19:00:00,Rock,Pop,39.5,199.5,4.0,KovZpZAEk71A,The Pavilion at Star Lake,Burgettstown,665 Route 18,Pennsylvania,40.4197818,-80.4342124,Pittsburgh,Imagine Dragons
vv17bZbeGkl9HfMb,P!NK Live 2024,https://www.ticketmaster.com/pnk-live-2024-saint-paul-minnesota-10-18-2024/event/0600602AD7F14DD8,2024-10-18,19:30:00,Rock,Pop,64.95,1054.95,4.0,KovZpZA6AJdA,Xcel Energy Center,Saint Paul,199 Kellogg Blvd,Minnesota,44.94489438,-93.10121819,Minneapolis/St. Paul and More,P!NK
vvG1jZbuEJjNpV,Home Away From Home Series: Chicago Blackhawks v St. Louis Blues,https://www.ticketmaster.com/home-away-from-home-series-chicago-milwaukee-wisconsin-10-05-2024/event/070060D9E67235B4,2024-10-05,19:00:00,Hockey,NHL,20.0,125.0,4.0,KovZ917A_fV,Fiserv Forum,Milwaukee,1111 Vel R. Phillips Ave,Wisconsin,43.04228,-87.916896,Milwaukee and Wi,Chicago Blackhawks
1ApZkvPGkeyaK2J,Pittsburgh Steelers vs. Dallas Cowboys,https://www.ticketmaster.com/pittsburgh-steelers-vs-dallas-cowboys-pittsburgh-pennsylvania-10-06-2024/event/16006065B92533E6,2024-10-06,20:20:00,Football,NFL,50.0,1958.0,4.0,KovZpZAFa6nA,Acrisure Stadium,Pittsburgh,100 Art Rooney Avenue,Pennsylvania,40.446093,-80.015884,Pittsburgh,Pittsburgh Steelers
G5vzZba1wq3xY,Imagine Dragons: LOOM WORLD TOUR,https://concerts.livenation.com/imagine-dragons-loom-world-tour-albuquerque-new-mexico-10-09-2024/event/1E006092B27528B0,2024-10-09,19:00:00,Rock,Pop,39.5,209.5,4.0,KovZpZAFFtaA,Isleta Amphitheater,Albuquerque,5601 University Blvd. SE,New Mexico,34.9887105,-106.615429,El Paso and New Mexico,Imagine Dragons
1AvjZbFGkX-aOX3,Las Vegas Raiders vs. San Francisco 49ers,https://www.ticketmaster.com/las-vegas-raiders-vs-san-francisco-las-vegas-nevada-08-23-2024/event/1700608FA1260F92,2024-08-23,19:00:00,Football,NFL,126.5,520.0,4.0,KovZ917Ax7n,Allegiant Stadium,Las Vegas,3333 Al Davis Way,Nevada,36.0909,-115.1833,Las Vegas,Las Vegas Raiders
G5vVZ9whGu7gs,New York Yankees vs. New York Mets,https://www.ticketmaster.com/new-york-yankees-vs-new-york-bronx-new-york-07-24-2024/event/1D005F26CC344D71,2024-07-24,19:05:00,Baseball,MLB,75.0,480.0,19.0,KovZpZA6t77A,Yankee Stadium,Bronx,1 East 161st Street,New York,40.8285237,-73.9276264,New York/Tri-State Area,New York Yankees
vvG1zZbFRLmE74,Atlanta Falcons vs. Pittsburgh Steelers,https://www.ticketmaster.com/atlanta-falcons-vs-pittsburgh-steelers-atlanta-georgia-09-08-2024/event/0E00608BDFBA7115,2024-09-08,13:00:00,Football,NFL,105.0,900.0,4.0,KovZpZAEdJaA,Mercedes-Benz Stadium,Atlanta,1 AMB Drive NW,Georgia,33.755389,-84.400823,Atlanta,Atlanta Falcons
G5eVZ9PeDOfUc,P!NK Live 2024,https://www.ticketmaster.com/pnk-live-2024-raleigh-north-carolina-11-11-2024/event/2D005E50BB814DAD,2024-11-11,19:30:00,Rock,Pop,59.95,329.95,4.0,KovZpZAdakJA,PNC Arena,Raleigh,1400 Edwards Mill Road,North Carolina,35.803242,-78.722936,Raleigh and Durham,P!NK
vv1AFZkZSGkdKq4pg,P!NK Live 2024,https://www.ticketmaster.com/pnk-live-2024-detroit-michigan-10-14-2024/event/08006033D37555B5,2024-10-14,19:30:00,Rock,Pop,59.95,329.95,2.0,KovZ917A25V,Little Caesars Arena,Detroit,2645 Woodward,Michigan,42.341089,-83.055434," Toledo & More""",P!NK
vv1AAZkZSGkelAkMJ,P!NK Live 2024,https://www.ticketmaster.com/pnk-live-2024-columbus-ohio-10-09-2024/event/05006033AB146DE6,2024-10-09,19:30:00,Rock,Pop,64.45,394.45,4.0,KovZpZA6A1EA,Schottenstein Center,Columbus,555 Borror Drive,Ohio,40.0080079,-83.0249081,Columbus,P!NK
G5eVZb5holJ27,2024 Panthers Back Together Saturday,https://www.ticketmaster.com/2024-panthers-back-together-saturday-charlotte-north-carolina-07-27-2024/event/2D0060B6D1AE63C4,2024-07-27,09:30:00,Football,NFL,1.0,1.0,,KovZpa3hje,Bank of America Stadium,Charlotte,800 South Mint Street,North Carolina,35.225789,-80.852829,Charlotte,Carolina Panthers
vvG1IZb6C_ZvNZ,Los Angeles Chargers vs. Las Vegas Raiders,https://www.ticketmaster.com/los-angeles-chargers-vs-las-vegas-inglewood-california-09-08-2024/event/0A006073990018C0,2024-09-08,13:05:00,Football,NFL,165.0,1164.0,4.0,KovZ917ACh0,SoFi Stadium,Inglewood,1001 S. Stadium Dr,California,33.950529,-118.343767,Los Angeles,Los Angeles Chargers
vvG1IZ9VlaM-IW,San Diego Padres vs. Los Angeles Dodgers,https://www.ticketmaster.com/san-diego-padres-vs-los-angeles-san-diego-california-07-30-2024/event/0A005F4AC9DE1A3D,2024-07-30,18:40:00,Baseball,MLB,,,8.0,KovZpa4cFe,Petco Park,San Diego,100 Park Blvd,California,32.70709659,-117.15680771,San Diego,San Diego Padres
1AvjZbFGkX-4YXl,Las Vegas Raiders vs. Pittsburgh Steelers,https://www.ticketmaster.com/las-vegas-raiders-vs-pittsburgh-steelers-las-vegas-nevada-10-13-2024/event/1700608FA1570FAB,2024-10-13,13:05:00,Football,NFL,375.0,1106.5,4.0,KovZ917Ax7n,Allegiant Stadium,Las Vegas,3333 Al Davis Way,Nevada,36.0909,-115.1833,Las Vegas,Las Vegas Raiders
vv1AkZkZwGkdqupm8,P!NK Live 2024,https://www.ticketmaster.com/pnk-live-2024-lincoln-nebraska-10-20-2024/event/06006032DD356B90,2024-10-20,19:30:00,Rock,Pop,63.95,333.95,4.0,KovZpZAJdEIA,Pinnacle Bank Arena,Lincoln,400 Pinnacle Arena Drive,Nebraska,40.81827927,-96.7089386,Nebraska,P!NK
vv17bZbkGkD7AV_S,Kansas City Chiefs v Baltimore Ravens,https://www.ticketmaster.com/kansas-city-chiefs-v-baltimore-ravens-kansas-city-missouri-09-05-2024/event/0600606EC4174673,2024-09-05,19:20:00,Football,NFL,295.0,1350.0,4.0,KovZpZAF7E1A,GEHA Field at Arrowhead Stadium,Kansas City,1 Arrowhead Dr,Missouri,39.04921048,-94.48417065,Kansas City and More,Kansas City Chiefs
vvG1IZ9Vlaz-tA,San Diego Padres vs. Los Angeles Dodgers,https://www.ticketmaster.com/san-diego-padres-vs-los-angeles-san-diego-california-07-31-2024/event/0A005F4AC9E21A45,2024-07-31,17:40:00,Baseball,MLB,,,8.0,KovZpa4cFe,Petco Park,San Diego,100 Park Blvd,California,32.70709659,-117.15680771,San Diego,San Diego Padres
vv17bZbeGkl9BVMp,P!NK Live 2024,https://www.ticketmaster.com/pnk-live-2024-saint-paul-minnesota-10-17-2024/event/0600602AD7EB4DD6,2024-10-17,19:30:00,Rock,Pop,25.0,1054.95,4.0,KovZpZA6AJdA,Xcel Energy Center,Saint Paul,199 Kellogg Blvd,Minnesota,44.94489438,-93.10121819,Minneapolis/St. Paul and More,P!NK
vvG1fZbu5ddJIK,Training Camp Session 1,https://www.ticketmaster.com/training-camp-session-1-berea-ohio-08-04-2024/event/050060D2C30E6A13,2024-08-04,14:00:00,Football,NFL,,,,KovZ917AIOU,CrossCountry Mortgage Campus,Berea,76 Lou Groza Blvd,Ohio,41.38199,-81.84976," Youngstown & More""",Cleveland Browns
vv1A7Zkv0Gke0r-47,Chicago Bears vs. Tennessee Titans,https://www.ticketmaster.com/chicago-bears-vs-tennessee-titans-chicago-illinois-09-08-2024/event/04006064A47A1544,2024-09-08,12:00:00,Football,NFL,172.0,835.0,4.0,KovZpZAF6tIA,Soldier Field,Chicago,1410 S. Museum Campus Drive,Illinois,41.86205404,-87.61682143,Chicagoland and Northern Il,Chicago Bears
G5vVZ9whGG0gJ,New York Yankees vs. Tampa Bay Rays,https://www.ticketmaster.com/new-york-yankees-vs-tampa-bay-bronx-new-york-07-22-2024/event/1D005F26CC324D66,2024-07-22,13:05:00,Baseball,MLB,14.0,390.0,19.0,KovZpZA6t77A,Yankee Stadium,Bronx,1 East 161st Street,New York,40.8285237,-73.9276264,New York/Tri-State Area,New York Yankees
vvG1zZbd5cSKB0,P!NK Live 2024,https://www.ticketmaster.com/pnk-live-2024-atlanta-georgia-11-14-2024/event/0E006032EDCD3EA4,2024-11-14,19:30:00,Rock,Pop,64.95,354.95,8.0,KovZpa2Xke,State Farm Arena,Atlanta,One State Farm Drive,Georgia,33.757796,-84.394569,Atlanta,P!NK
G5vYZbFmAZeHy,San Francisco 49ers vs. New York Jets,https://www.ticketmaster.com/san-francisco-49ers-vs-new-york-santa-clara-california-09-09-2024/event/1C00608B85002F39,2024-09-09,17:15:00,Football,NFL,195.0,1350.0,4.0,KovZpZAJaFkA,Levi's® Stadium,Santa Clara,4900 Marie P. DeBartolo Way,California,37.40367671,-121.97034311,N. California/N. Nevada,San Francisco 49ers
G5eVZbdF9XkT3,P!NK Live 2024,https://www.ticketmaster.com/pnk-live-2024-columbia-south-carolina-11-20-2024/event/2D00603217F86FD2,2024-11-20,19:30:00,Rock,Pop,62.95,332.95,20.0,KovZpZAE7dtA,Colonial Life Arena,Columbia,801 Lincoln St.,South Carolina,33.9942619,-81.036104,South Carolina,P!NK
G5vYZbFmAvwWi,San Francisco 49ers vs. New Orleans Saints,https://www.ticketmaster.com/san-francisco-49ers-vs-new-orleans-santa-clara-california-08-18-2024/event/1C00608B85072F6C,2024-08-18,17:00:00,Football,NFL,42.0,548.0,4.0,KovZpZAJaFkA,Levi's® Stadium,Santa Clara,4900 Marie P. DeBartolo Way,California,37.40367671,-121.97034311,N. California/N. Nevada,San Francisco 49ers
vv1FbZbaG0GtZdGCv,Imagine Dragons: LOOM WORLD TOUR,https://www.ticketmaster.com/imagine-dragons-loom-world-tour-ridgedale-missouri-09-08-2024/event/0600609324329BD0,2024-09-08,19:00:00,Rock,Pop,45.0,189.5,4.0,KovZ917AIHn,Thunder Ridge Nature Arena,Ridgedale,1901 State Hwy 86,Missouri,36.52022,-93.26282,Springfield,Imagine Dragons
vv1A7Zkv0Gkex7-oY,Chicago Bears - Preseason Game,https://www.ticketmaster.com/chicago-bears-preseason-game-chicago-illinois-08-17-2024/event/04006064A2121470,2024-08-17,12:00:00,Football,NFL,70.0,449.0,4.0,KovZpZAF6tIA,Soldier Field,Chicago,1410 S. Museum Campus Drive,Illinois,41.86205404,-87.61682143,Chicagoland and Northern Il,Chicago Bears
vvG1HZb5rCNA7H,Seattle Seahawks Football Fest,https://www.ticketmaster.com/seattle-seahawks-football-fest-seattle-washington-08-03-2024/event/0F0060B78E8C513C,2024-08-03,13:00:00,Football,NFL,12.0,18.0,4.0,KovZpZAEknnA,Lumen Field,Seattle,800 Occidental Ave S,Washington,47.595083,-122.331607,Seattle Area,Seattle Seahawks
vv11jZbdbvZSbV,P!NK Live 2024,https://www.ticketmaster.com/pnk-live-2024-milwaukee-wisconsin-10-23-2024/event/0700603601033634,2024-10-23,19:30:00,Rock,Pop,59.95,329.95,4.0,KovZ917A_fV,Fiserv Forum,Milwaukee,1111 Vel R. Phillips Ave,Wisconsin,43.04228,-87.916896,Milwaukee and Wi,P!NK
vvG1HZbFH8mJ0l,Seattle Seahawks v Miami Dolphins,https://www.ticketmaster.com/seattle-seahawks-v-miami-dolphins-seattle-washington-09-22-2024/event/0F00608F10BA692B,2024-09-22,13:05:00,Football,NFL,90.0,800.0,4.0,KovZpZAEknnA,Lumen Field,Seattle,800 Occidental Ave S,Washington,47.595083,-122.331607,Seattle Area,Seattle Seahawks
G5eZZ9VmMqYV4,P!NK Live 2024,https://www.ticketmaster.com/pnk-live-2024-tulsa-oklahoma-11-08-2024/event/20005F4BB7770D15,2024-11-08,19:30:00,Rock,Pop,55.95,325.95,4.0,KovZpZAJIndA,BOK Center,Tulsa,200 S. Denver ,Oklahoma,36.15287358,-95.99613726,Oklahoma,P!NK
G5vVZ9whGufgg,New York Yankees vs. Toronto Blue Jays,https://www.ticketmaster.com/new-york-yankees-vs-toronto-blue-bronx-new-york-08-02-2024/event/1D005F26CC354D75,2024-08-02,19:05:00,Baseball,MLB,25.0,390.0,19.0,KovZpZA6t77A,Yankee Stadium,Bronx,1 East 161st Street,New York,40.8285237,-73.9276264,New York/Tri-State Area,New York Yankees
G5vVZ9whGC7gW,New York Yankees vs. Toronto Blue Jays,https://www.ticketmaster.com/new-york-yankees-vs-toronto-blue-bronx-new-york-08-04-2024/event/1D005F26CC384D7D,2024-08-04,13:35:00,Baseball,MLB,35.0,400.0,19.0,KovZpZA6t77A,Yankee Stadium,Bronx,1 East 161st Street,New York,40.8285237,-73.9276264,New York/Tri-State Area,New York Yankees
vv1AkZkvpGkdE7z3s,P!NK Live 2024,https://www.ticketmaster.com/pnk-live-2024-sioux-falls-south-dakota-10-21-2024/event/06006056E71384B1,2024-10-21,19:30:00,Rock,Pop,157.95,360.95,4.0,KovZpZAJAl7A,Denny Sanford PREMIER Center,Sioux Falls,1201 North West Avenue,South Dakota,43.562058,-96.74930289,North and South Dakota,P!NK
G5vzZbGwT4Vx-,Imagine Dragons: LOOM WORLD TOUR,https://concerts.livenation.com/imagine-dragons-loom-world-tour-west-valley-city-utah-10-15-2024/event/1E0060CCBF5748A1,2024-10-15,19:00:00,Rock,Pop,39.5,239.5,4.0,KovZpZA1lleA,Utah First Credit Union Amphitheatre (formerly USANA Amp),West Valley City,5150 South 6055 West,Utah,40.65743789,-112.04072602," Montana & Idaho""",Imagine Dragons
vvG1zZbFRLw97L,Atlanta Falcons vs. Kansas City Chiefs,https://www.ticketmaster.com/atlanta-falcons-vs-kansas-city-chiefs-atlanta-georgia-09-22-2024/event/0E00608BDFC9711F,2024-09-22,20:20:00,Football,NFL,125.0,900.0,4.0,KovZpZAEdJaA,Mercedes-Benz Stadium,Atlanta,1 AMB Drive NW,Georgia,33.755389,-84.400823,Atlanta,Atlanta Falcons
vv1AFZkZUGkdfk0pM,P!NK Live 2024,https://www.ticketmaster.com/pnk-live-2024-detroit-michigan-10-15-2024/event/08006036D41A45B7,2024-10-15,19:30:00,Rock,Pop,59.95,299.95,2.0,KovZ917A25V,Little Caesars Arena,Detroit,2645 Woodward,Michigan,42.341089,-83.055434," Toledo & More""",P!NK
1AvjZbFGkX-hOXs,Las Vegas Raiders vs. Kansas City Chiefs,https://www.ticketmaster.com/las-vegas-raiders-vs-kansas-city-las-vegas-nevada-10-27-2024/event/1700608FA16E0FB1,2024-10-27,13:25:00,Football,NFL,350.0,1101.5,4.0,KovZ917Ax7n,Allegiant Stadium,Las Vegas,3333 Al Davis Way,Nevada,36.0909,-115.1833,Las Vegas,Las Vegas Raiders
vv17FZbaGkM3SV-O,Philadelphia Eagles vs. Minnesota Vikings,https://www.ticketmaster.com/philadelphia-eagles-vs-minnesota-vikings-philadelphia-pennsylvania-08-24-2024/event/0200609DD2CF4860,2024-08-24,13:00:00,Football,NFL,18.0,150.0,4.0,KovZpa2yme,Lincoln Financial Field,Philadelphia,One Lincoln Financial Way,Pennsylvania,39.900706,-75.167406,Philadelphia,Philadelphia Eagles
k7vGFbkBGHoJm,Buffalo Bills vs. Kansas City Chiefs,https://www.ticketmaster.com/buffalo-bills-vs-kansas-city-chiefs-orchard-park-new-york-11-17-2024/event/0000606E8CF119AE,2024-11-17,16:25:00,Football,NFL,275.97,781.61,50.0,KovZpZAdJ1vA,Highmark Stadium,Orchard Park,1 Bills Drive,New York,42.773743,-78.786955,Upstate New York,Buffalo Bills
vvG1HZbFH80U0N,Seattle Seahawks v Denver Broncos,https://www.ticketmaster.com/seattle-seahawks-v-denver-broncos-seattle-washington-09-08-2024/event/0F00608F10936923,2024-09-08,13:05:00,Football,NFL,90.0,800.0,4.0,KovZpZAEknnA,Lumen Field,Seattle,800 Occidental Ave S,Washington,47.595083,-122.331607,Seattle Area,Seattle Seahawks
G5vzZbk3xZsqV,Denver Broncos vs. Pittsburgh Steelers,https://www.ticketmaster.com/denver-broncos-vs-pittsburgh-steelers-denver-colorado-09-15-2024/event/1E006064A2031774,2024-09-15,14:25:00,Football,NFL,345.0,998.0,4.0,KovZpa3Wne,Empower Field At Mile High,Denver,1701 Bryant St.,Colorado,39.743853,-105.020127,Denver and More,Denver Broncos
1ApZkvPGkey5S8t,Pittsburgh Steelers vs. Los Angeles Chargers,https://www.ticketmaster.com/pittsburgh-steelers-vs-los-angeles-chargers-pittsburgh-pennsylvania-09-22-2024/event/16006065B92F3429,2024-09-22,13:00:00,Football,NFL,50.0,1958.0,4.0,KovZpZAFa6nA,Acrisure Stadium,Pittsburgh,100 Art Rooney Avenue,Pennsylvania,40.446093,-80.015884,Pittsburgh,Pittsburgh Steelers
vvG1zZbFRLs97q,Atlanta Falcons vs. Dallas Cowboys,https://www.ticketmaster.com/atlanta-falcons-vs-dallas-cowboys-atlanta-georgia-11-03-2024/event/0E00608BDFC5711D,2024-11-03,13:00:00,Football,NFL,125.0,900.0,4.0,KovZpZAEdJaA,Mercedes-Benz Stadium,Atlanta,1 AMB Drive NW,Georgia,33.755389,-84.400823,Atlanta,Atlanta Falcons
vv17bZb7GkM1SkIr,Minnesota Vikings v Las Vegas Raiders - Preseason Game,https://www.ticketmaster.com/minnesota-vikings-v-las-vegas-raiders-minneapolis-minnesota-08-10-2024/event/0600604DCACC6A1E,2024-08-10,15:00:00,Football,NFL,15.0,350.0,4.0,KovZpZAF6ttA,U.S. Bank Stadium,Minneapolis,401 Chicago Avenue,Minnesota,44.973617,-93.257528,Minneapolis/St. Paul and More,Minnesota Vikings
vvG1VZb69xLKS4,Tampa Bay Buccaneers vs. Philadelphia Eagles,https://www.ticketmaster.com/tampa-bay-buccaneers-vs-philadelphia-eagles-tampa-florida-09-29-2024/event/0D006075E27D3CD5,2024-09-29,13:00:00,Football,NFL,122.0,1223.0,4.0,KovZpZAFnl1A,Raymond James Stadium,Tampa,4201 North Dale Mabry Highway,Florida,27.975976,-82.503474,Tampa,Tampa Bay Buccaneers
G5dIZbGmrRKZ_,Houston Texans Training Camp: Day 8,https://www.ticketmaster.com/houston-texans-training-camp-day-8-houston-texas-08-22-2024/event/3A0060CB9EBD3019,2024-08-22,08:00:00,Football,NFL,,,,KovZpZAEdFeA,NRG Stadium,Houston,One NRG Park,Texas,29.684885,-95.410875,Houston and More,Houston Texans
G5dIZbGmrixT7,Houston Texans Training Camp: Day 5,https://www.ticketmaster.com/houston-texans-training-camp-day-5-houston-texas-07-29-2024/event/3A0060CB9EB22FC4,2024-07-29,08:00:00,Football,NFL,,,,KovZpZAEdFeA,NRG Stadium,Houston,One NRG Park,Texas,29.684885,-95.410875,Houston and More,Houston Texans
1AvjZbFGkX-K8Xt,Las Vegas Raiders vs. Carolina Panthers,https://www.ticketmaster.com/las-vegas-raiders-vs-carolina-panthers-las-vegas-nevada-09-22-2024/event/1700608FA14D0FA9,2024-09-22,13:05:00,Football,NFL,231.0,900.0,4.0,KovZ917Ax7n,Allegiant Stadium,Las Vegas,3333 Al Davis Way,Nevada,36.0909,-115.1833,Las Vegas,Las Vegas Raiders
vv17bZbkGkD76fQf,Kansas City Chiefs v Cincinnati Bengals,https://www.ticketmaster.com/kansas-city-chiefs-v-cincinnati-bengals-kansas-city-missouri-09-15-2024/event/0600606EC41D4694,2024-09-15,15:25:00,Football,NFL,285.0,1225.0,4.0,KovZpZAF7E1A,GEHA Field at Arrowhead Stadium,Kansas City,1 Arrowhead Dr,Missouri,39.04921048,-94.48417065,Kansas City and More,Kansas City Chiefs
k7vGFbahj1fMV,New York Giants vs. Minnesota Vikings,https://www.ticketmaster.com/new-york-giants-vs-minnesota-vikings-east-rutherford-new-jersey-09-08-2024/event/00006096DC294DF4,2024-09-08,13:00:00,Football,NFL,125.0,998.0,4.0,KovZpakS7e,MetLife Stadium,East Rutherford,One MetLife Stadium Drive,New Jersey,40.81359,-74.074493,New York/Tri-State Area,New York Giants
G5vYZbFm7D3Dl,San Francisco 49ers vs. Kansas City Chiefs,https://www.ticketmaster.com/san-francisco-49ers-vs-kansas-city-santa-clara-california-10-20-2024/event/1C00608B84ED2EEB,2024-10-20,13:25:00,Football,NFL,310.0,2500.0,4.0,KovZpZAJaFkA,Levi's® Stadium,Santa Clara,4900 Marie P. DeBartolo Way,California,37.40367671,-121.97034311,N. California/N. Nevada,San Francisco 49ers
1AvbZbFGknE07aj,Preseason: Pittsburgh Steelers v Buffalo Bills,https://www.ticketmaster.com/preseason-pittsburgh-steelers-v-buffalo-bills-pittsburgh-pennsylvania-08-17-2024/event/1600608AA790425C,2024-08-17,19:00:00,Football,NFL,39.0,545.0,4.0,KovZpZAFa6nA,Acrisure Stadium,Pittsburgh,100 Art Rooney Avenue,Pennsylvania,40.446093,-80.015884,Pittsburgh,Pittsburgh Steelers
1kFZvO4EGACosqp,P!NK Live 2024,https://www.ticketmaster.com/pnk-live-2024-birmingham-alabama-11-16-2024/event/200060567E471756,2024-11-16,19:30:00,Rock,Pop,59.95,329.95,4.0,KovZpZA6t76A,Legacy Arena at The BJCC ,Birmingham,1001 19th Street N,Alabama,33.5236525,-86.8137679,Birmingham and More,P!NK
vvG1HZbFH8Wk0g,Seattle Seahawks v San Francisco 49ers,https://www.ticketmaster.com/seattle-seahawks-v-san-francisco-49ers-seattle-washington-10-10-2024/event/0F00608F10F46935,2024-10-10,17:15:00,Football,NFL,90.0,920.0,4.0,KovZpZAEknnA,Lumen Field,Seattle,800 Occidental Ave S,Washington,47.595083,-122.331607,Seattle Area,Seattle Seahawks
G5dIZbGmrmKZ6,Houston Texans Training Camp: Day 7,https://www.ticketmaster.com/houston-texans-training-camp-day-7-houston-texas-08-21-2024/event/3A0060CB9EB93007,2024-08-21,08:00:00,Football,NFL,,,,KovZpZAEdFeA,NRG Stadium,Houston,One NRG Park,Texas,29.684885,-95.410875,Houston and More,Houston Texans
k7vGFbkBGyoJQ,Buffalo Bills vs. Arizona Cardinals,https://www.ticketmaster.com/buffalo-bills-vs-arizona-cardinals-orchard-park-new-york-09-08-2024/event/0000606E8CE5199A,2024-09-08,13:00:00,Football,NFL,156.32,744.83,50.0,KovZpZAdJ1vA,Highmark Stadium,Orchard Park,1 Bills Drive,New York,42.773743,-78.786955,Upstate New York,Buffalo Bills
vv1AAZkvVGkdAp0fq,Indianapolis Colts vs. Chicago Bears,https://www.ticketmaster.com/indianapolis-colts-vs-chicago-bears-indianapolis-indiana-09-22-2024/event/05006074C55A451D,2024-09-22,13:00:00,Football,NFL,110.0,998.0,4.0,KovZpZAdEJEA,Lucas Oil Stadium,Indianapolis,500 S. Capitol Ave.,Indiana,39.76007,-86.163821,Indianapolis and More,Indianapolis Colts
G5dIZbeDCS4p9,P!NK Live 2024,https://www.ticketmaster.com/pnk-live-2024-austin-texas-11-03-2024/event/3A00602ECECD5597,2024-11-03,19:30:00,Rock,Pop,63.95,369.0,4.0,KovZ917ANwG,Moody Center ATX,Austin,2001 Robert Dedman Drive,Texas,30.280735,-97.730837,San Antonio and Austin,P!NK
vv17bZb7GkMCdUc1,Minnesota Vikings vs. San Francisco 49ers,https://www.ticketmaster.com/minnesota-vikings-vs-san-francisco-49ers-minneapolis-minnesota-09-15-2024/event/0600604DCE0F6B4A,2024-09-15,12:00:00,Football,NFL,98.0,1600.0,4.0,KovZpZAF6ttA,U.S. Bank Stadium,Minneapolis,401 Chicago Avenue,Minnesota,44.973617,-93.257528,Minneapolis/St. Paul and More,Minnesota Vikings
G5eVZbdQapo85,P!NK Live 2024,https://www.ticketmaster.com/pnk-live-2024-raleigh-north-carolina-11-12-2024/event/2D0060368959140B,2024-11-12,19:30:00,Rock,Pop,59.95,299.95,4.0,KovZpZAdakJA,PNC Arena,Raleigh,1400 Edwards Mill Road,North Carolina,35.803242,-78.722936,Raleigh and Durham,P!NK
G5vYZbFm7MwBt,San Francisco 49ers vs. Dallas Cowboys,https://www.ticketmaster.com/san-francisco-49ers-vs-dallas-cowboys-santa-clara-california-10-27-2024/event/1C00608B84DF2EA9,2024-10-27,17:20:00,Football,NFL,330.0,2626.0,4.0,KovZpZAJaFkA,Levi's® Stadium,Santa Clara,4900 Marie P. DeBartolo Way,California,37.40367671,-121.97034311,N. California/N. Nevada,San Francisco 49ers
vvG1YZbaLwNfeL,Dallas Cowboys vs. New Orleans Saints,https://www.ticketmaster.com/dallas-cowboys-vs-new-orleans-saints-arlington-texas-09-15-2024/event/0C006097F28D409F,2024-09-15,12:00:00,Football,NFL,,,4.0,KovZpZAJvndA,AT&T Stadium,Arlington,One AT&T Way,Texas,32.74790427,-97.09345578,Dallas - Fort Worth and More,Dallas Cowboys
vvG1HZbFH8-U0O,Seattle Seahawks v Buffalo Bills,https://www.ticketmaster.com/seattle-seahawks-v-buffalo-bills-seattle-washington-10-27-2024/event/0F00608F10876920,2024-10-27,13:05:00,Football,NFL,90.0,880.0,4.0,KovZpZAEknnA,Lumen Field,Seattle,800 Occidental Ave S,Washington,47.595083,-122.331607,Seattle Area,Seattle Seahawks
vv1AAZke8GkdIVPsZ,Cleveland Browns vs. Dallas Cowboys,https://www.ticketmaster.com/cleveland-browns-vs-dallas-cowboys-cleveland-ohio-09-08-2024/event/05006090E8D25C40,2024-09-08,16:25:00,Football,NFL,214.0,998.0,8.0,KovZpZAFdEJA,Cleveland Browns Stadium,Cleveland,100 Alfred Lerner Way,Ohio,41.50603554,-81.69956958," Youngstown & More""",Cleveland Browns
1AvjZbFGkX-C8Xq,Las Vegas Raiders vs. Cleveland Browns,https://www.ticketmaster.com/las-vegas-raiders-vs-cleveland-browns-las-vegas-nevada-09-29-2024/event/1700608FA1390F9D,2024-09-29,13:25:00,Football,NFL,275.0,951.5,4.0,KovZ917Ax7n,Allegiant Stadium,Las Vegas,3333 Al Davis Way,Nevada,36.0909,-115.1833,Las Vegas,Las Vegas Raiders
1kk8vOuVGA2p8Pq,Arizona Diamondbacks vs. Los Angeles Dodgers,https://www.ticketmaster.com/arizona-diamondbacks-vs-los-angeles-dodgers-phoenix-arizona-08-31-2024/event/190060374F59095D,2024-08-31,17:10:00,Baseball,MLB,39.0,390.0,4.0,KovZpZA6tdtA,Chase Field,Phoenix,401 E. Jefferson,Arizona,33.444799,-112.066662,Phoenix and Tucson,Arizona Diamondbacks
vv1A7Zkv0GkexUo3j,Chicago Bears vs. Green Bay Packers,https://www.ticketmaster.com/chicago-bears-vs-green-bay-packers-chicago-illinois-11-17-2024/event/04006064A2D9149C,2024-11-17,12:00:00,Football,NFL,207.0,903.0,4.0,KovZpZAF6tIA,Soldier Field,Chicago,1410 S. Museum Campus Drive,Illinois,41.86205404,-87.61682143,Chicagoland and Northern Il,Chicago Bears
vvG1IZb6CbX-xD,Los Angeles Chargers vs. Kansas City Chiefs,https://www.ticketmaster.com/los-angeles-chargers-vs-kansas-city-inglewood-california-09-29-2024/event/0A00607398FA18BB,2024-09-29,13:25:00,Football,NFL,144.0,1236.0,4.0,KovZ917ACh0,SoFi Stadium,Inglewood,1001 S. Stadium Dr,California,33.950529,-118.343767,Los Angeles,Los Angeles Chargers
1AvfZbFGkmDop2O,"The Commodores, The Pointer Sisters & The Spinners",https://www.ticketmaster.com/the-commodores-the-pointer-sisters-the-national-harbor-maryland-07-26-2024/event/1500608BBB4563E0,2024-07-26,19:30:00,R&B,R&B,63.0,168.0,4.0,KovZ917A5LV,The Theater at MGM National Harbor,National Harbor,101 MGM National Ave,Maryland,38.791707,-77.003002," DC and Maryland""",Commodores
vv17FZbaGkM3lVO0,Philadelphia Eagles vs. Cleveland Browns,https://www.ticketmaster.com/philadelphia-eagles-vs-cleveland-browns-philadelphia-pennsylvania-10-13-2024/event/0200609DD2AF4824,2024-10-13,13:00:00,Football,NFL,130.0,785.0,4.0,KovZpa2yme,Lincoln Financial Field,Philadelphia,One Lincoln Financial Way,Pennsylvania,39.900706,-75.167406,Philadelphia,Philadelphia Eagles
k7vGFbkBGUoJC,Buffalo Bills vs. Tennessee Titans,https://www.ticketmaster.com/buffalo-bills-vs-tennessee-titans-orchard-park-new-york-10-20-2024/event/0000606E8CD9198E,2024-10-20,13:00:00,Football,NFL,128.74,526.9,50.0,KovZpZAdJ1vA,Highmark Stadium,Orchard Park,1 Bills Drive,New York,42.773743,-78.786955,Upstate New York,Buffalo Bills
k7vGFbkBueoE9,Preseason: Buffalo Bills v Chicago Bears,https://www.ticketmaster.com/preseason-buffalo-bills-v-chicago-bears-orchard-park-new-york-08-10-2024/event/0000606E8D0919D7,2024-08-10,13:00:00,Football,NFL,18.39,118.62,50.0,KovZpZAdJ1vA,Highmark Stadium,Orchard Park,1 Bills Drive,New York,42.773743,-78.786955,Upstate New York,Buffalo Bills
G5dIZbGmrt3Wl,Houston Texans Training Camp: Day 1,https://www.ticketmaster.com/houston-texans-training-camp-day-1-houston-texas-07-23-2024/event/3A0060CB9EA52F6B,2024-07-23,08:00:00,Football,NFL,,,,KovZpZAEdFeA,NRG Stadium,Houston,One NRG Park,Texas,29.684885,-95.410875,Houston and More,Houston Texans
k7vGFbkBudsEE,Preseason: Buffalo Bills v Carolina Panthers,https://www.ticketmaster.com/preseason-buffalo-bills-v-carolina-panthers-orchard-park-new-york-08-24-2024/event/0000606E8D0F19E7,2024-08-24,13:00:00,Football,NFL,18.39,118.62,50.0,KovZpZAdJ1vA,Highmark Stadium,Orchard Park,1 Bills Drive,New York,42.773743,-78.786955,Upstate New York,Buffalo Bills
vvG1HZbFH8Ip0J,Seattle Seahawks v Green Bay Packers,https://www.ticketmaster.com/seattle-seahawks-v-green-bay-packers-seattle-washington-12-15-2024/event/0F00608F10A16926,2024-12-15,17:20:00,Football,NFL,90.0,1050.0,4.0,KovZpZAEknnA,Lumen Field,Seattle,800 Occidental Ave S,Washington,47.595083,-122.331607,Seattle Area,Seattle Seahawks
G5vVZ9whGu0gD,New York Yankees vs. Toronto Blue Jays,https://www.ticketmaster.com/new-york-yankees-vs-toronto-blue-bronx-new-york-08-03-2024/event/1D005F26CC364D7B,2024-08-03,13:05:00,Baseball,MLB,30.0,400.0,19.0,KovZpZA6t77A,Yankee Stadium,Bronx,1 East 161st Street,New York,40.8285237,-73.9276264,New York/Tri-State Area,New York Yankees
1AvbZb6GklZVfrb,Cincinnati Bengals vs. Philadelphia Eagles,https://www.ticketmaster.com/cincinnati-bengals-vs-philadelphia-eagles-cincinnati-ohio-10-27-2024/event/1600607AC0D14798,2024-10-27,16:25:00,Football,NFL,176.0,1075.0,4.0,KovZpZAFkelA,Paycor Stadium,Cincinnati,One Paycor Stadium,Ohio,39.0955556,-84.5161111,Cincinnati and Dayton,Cincinnati Bengals
G5dIZbaugVsmO,Houston Texans vs. Chicago Bears,https://www.ticketmaster.com/houston-texans-vs-chicago-bears-houston-texas-09-15-2024/event/3A00609375D31BA0,2024-09-15,19:20:00,Football,NFL,210.0,595.0,4.0,KovZpZAEdFeA,NRG Stadium,Houston,One NRG Park,Texas,29.684885,-95.410875,Houston and More,Houston Texans
vv1A7Zkv0Gke08sfI,Chicago Bears vs. Carolina Panthers,https://www.ticketmaster.com/chicago-bears-vs-carolina-panthers-chicago-illinois-10-06-2024/event/04006064A4431528,2024-10-06,12:00:00,Football,NFL,154.0,812.0,4.0,KovZpZAF6tIA,Soldier Field,Chicago,1410 S. Museum Campus Drive,Illinois,41.86205404,-87.61682143,Chicagoland and Northern Il,Chicago Bears
vvG1VZb69xPKSQ,Tampa Bay Buccaneers vs. San Francisco 49ers,https://www.ticketmaster.com/tampa-bay-buccaneers-vs-san-francisco-tampa-florida-11-10-2024/event/0D006075E2953CDA,2024-11-10,13:00:00,Football,NFL,113.0,1135.0,4.0,KovZpZAFnl1A,Raymond James Stadium,Tampa,4201 North Dale Mabry Highway,Florida,27.975976,-82.503474,Tampa,Tampa Bay Buccaneers
vv17bZbkGkD7a7ho,Kansas City Chiefs v Denver Broncos,https://www.ticketmaster.com/kansas-city-chiefs-v-denver-broncos-kansas-city-missouri-11-10-2024/event/0600606EC42446D1,2024-11-10,12:00:00,Football,NFL,245.0,998.0,4.0,KovZpZAF7E1A,GEHA Field at Arrowhead Stadium,Kansas City,1 Arrowhead Dr,Missouri,39.04921048,-94.48417065,Kansas City and More,Kansas City Chiefs
G5vzZbk3-V-qj,Denver Broncos v Green Bay Packers - Preseason Game 1,https://www.ticketmaster.com/denver-broncos-v-green-bay-packers-denver-colorado-08-18-2024/event/1E006064A1D2175C,2024-08-18,18:00:00,Football,NFL,37.0,998.0,4.0,KovZpa3Wne,Empower Field At Mile High,Denver,1701 Bryant St.,Colorado,39.743853,-105.020127,Denver and More,Denver Broncos
vvG1VZb69x-SSb,Tampa Bay Buccaneers vs. Miami Dolphins,https://www.ticketmaster.com/tampa-bay-buccaneers-vs-miami-dolphins-tampa-florida-08-23-2024/event/0D006075E2873CD8,2024-08-23,19:30:00,Football,NFL,62.0,618.0,4.0,KovZpZAFnl1A,Raymond James Stadium,Tampa,4201 North Dale Mabry Highway,Florida,27.975976,-82.503474,Tampa,Tampa Bay Buccaneers
G5dIZbGmrneXN,Houston Texans Training Camp: Day 2,https://www.ticketmaster.com/houston-texans-training-camp-day-2-houston-texas-07-24-2024/event/3A0060CB9EA82FA3,2024-07-24,08:00:00,Football,NFL,,,,KovZpZAEdFeA,NRG Stadium,Houston,One NRG Park,Texas,29.684885,-95.410875,Houston and More,Houston Texans
vvG1fZbu5AApiS,Training Camp Session 2,https://www.ticketmaster.com/training-camp-session-2-berea-ohio-08-06-2024/event/050060D2C5156B33,2024-08-06,16:15:00,Football,NFL,,,,KovZ917AIOU,CrossCountry Mortgage Campus,Berea,76 Lou Groza Blvd,Ohio,41.38199,-81.84976," Youngstown & More""",Cleveland Browns
vv17FZbaGkM3t7O5,Philadelphia Eagles vs. Atlanta Falcons,https://www.ticketmaster.com/philadelphia-eagles-vs-atlanta-falcons-philadelphia-pennsylvania-09-16-2024/event/0200609DD2A4480B,2024-09-16,20:15:00,Football,NFL,130.0,785.0,4.0,KovZpa2yme,Lincoln Financial Field,Philadelphia,One Lincoln Financial Way,Pennsylvania,39.900706,-75.167406,Philadelphia,Philadelphia Eagles
1AeFZbFGknkuOMb,Jacksonville Jaguars vs. Green Bay Packers,https://www.ticketmaster.com/jacksonville-jaguars-vs-green-bay-packers-jacksonville-florida-10-27-2024/event/2200608A86360DD8,2024-10-27,13:00:00,Football,NFL,128.0,888.0,4.0,KovZpZAEkJ7A,EverBank Stadium ,Jacksonville,1 EverBank Stadium Drive,Florida,30.323887,-81.637357,Jacksonville and More,Jacksonville Jaguars
vvG1fZbu560pwG,Training Camp Session 3,https://www.ticketmaster.com/training-camp-session-3-berea-ohio-08-08-2024/event/050060D2C7916C8C,2024-08-08,14:00:00,Football,NFL,,,,KovZ917AIOU,CrossCountry Mortgage Campus,Berea,76 Lou Groza Blvd,Ohio,41.38199,-81.84976," Youngstown & More""",Cleveland Browns
vvG1iZb5H-9NzK,Imagine Dragons: LOOM WORLD TOUR,https://www.ticketmaster.com/imagine-dragons-loom-world-tour-hollywood-california-10-27-2024/event/0B0060BF215E3E13,2024-10-27,19:00:00,Rock,Pop,59.5,299.5,4.0,KovZpZAFFvJA,Hollywood Bowl,Hollywood,2301 N Highland Ave,California,34.11177334,-118.33851469,Los Angeles,Imagine Dragons
G5vVZ9whG2VUb,New York Yankees vs. Texas Rangers,https://www.ticketmaster.com/new-york-yankees-vs-texas-rangers-bronx-new-york-08-11-2024/event/1D005F26CC3F4D98,2024-08-11,13:35:00,Baseball,MLB,25.0,390.0,19.0,KovZpZA6t77A,Yankee Stadium,Bronx,1 East 161st Street,New York,40.8285237,-73.9276264,New York/Tri-State Area,New York Yankees
vvG1fZbu5FnpyM,Training Camp Session 4,https://www.ticketmaster.com/training-camp-session-4-berea-ohio-08-12-2024/event/050060D2C8A96E77,2024-08-12,14:00:00,Football,NFL,,,,KovZ917AIOU,CrossCountry Mortgage Campus,Berea,76 Lou Groza Blvd,Ohio,41.38199,-81.84976," Youngstown & More""",Cleveland Browns
1ApZkvPGkey1N84,Pittsburgh Steelers vs. Kansas City Chiefs,https://www.ticketmaster.com/pittsburgh-steelers-vs-kansas-city-chiefs-pittsburgh-pennsylvania-12-25-2024/event/16006065B92A3415,2024-12-25,13:00:00,Football,NFL,50.0,1568.0,4.0,KovZpZAFa6nA,Acrisure Stadium,Pittsburgh,100 Art Rooney Avenue,Pennsylvania,40.446093,-80.015884,Pittsburgh,Pittsburgh Steelers
k7vGFb6M6Lkqf,Preseason: New York Jets v. New York Giants,https://www.ticketmaster.com/preseason-new-york-jets-v-new-east-rutherford-new-jersey-08-24-2024/event/0000607DC77C6754,2024-08-24,19:30:00,Football,NFL,70.0,1050.0,2.0,KovZpakS7e,MetLife Stadium,East Rutherford,One MetLife Stadium Drive,New Jersey,40.81359,-74.074493,New York/Tri-State Area,New York Jets
1ApZkvPGkeyCK8s,Pittsburgh Steelers vs. New York Jets,https://www.ticketmaster.com/pittsburgh-steelers-vs-new-york-jets-pittsburgh-pennsylvania-10-20-2024/event/16006065B9393431,2024-10-20,20:20:00,Football,NFL,50.0,1568.0,4.0,KovZpZAFa6nA,Acrisure Stadium,Pittsburgh,100 Art Rooney Avenue,Pennsylvania,40.446093,-80.015884,Pittsburgh,Pittsburgh Steelers
vvG1fZbu55FkXv,Training Camp Session 6,https://www.ticketmaster.com/training-camp-session-6-berea-ohio-08-21-2024/event/050060D2CB206F81,2024-08-21,13:00:00,Football,NFL,,,,KovZ917AIOU,CrossCountry Mortgage Campus,Berea,76 Lou Groza Blvd,Ohio,41.38199,-81.84976," Youngstown & More""",Cleveland Browns
vv17bZbkGkD7K7rC,Kansas City Chiefs v Chicago Bears - Preseason,https://www.ticketmaster.com/kansas-city-chiefs-v-chicago-bears-kansas-city-missouri-08-22-2024/event/0600606EC44C478E,2024-08-22,19:20:00,Football,NFL,20.0,998.0,4.0,KovZpZAF7E1A,GEHA Field at Arrowhead Stadium,Kansas City,1 Arrowhead Dr,Missouri,39.04921048,-94.48417065,Kansas City and More,Kansas City Chiefs
vvG1HZbFH8yp0S,Preseason Game Week 3 - Seattle Seahawks v Cleveland Browns,https://www.ticketmaster.com/preseason-game-week-3-seattle-seahawks-seattle-washington-08-24-2024/event/0F00608F10E56933,2024-08-24,19:00:00,Football,NFL,34.0,430.0,4.0,KovZpZAEknnA,Lumen Field,Seattle,800 Occidental Ave S,Washington,47.595083,-122.331607,Seattle Area,Seattle Seahawks
vvG1YZbaLwjfej,Dallas Cowboys vs. Philadelphia Eagles,https://www.ticketmaster.com/dallas-cowboys-vs-philadelphia-eagles-arlington-texas-11-10-2024/event/0C006097F271409C,2024-11-10,15:25:00,Football,NFL,,,4.0,KovZpZAJvndA,AT&T Stadium,Arlington,One AT&T Way,Texas,32.74790427,-97.09345578,Dallas - Fort Worth and More,Dallas Cowboys
k7vGFbahj60MI,New York Giants vs. Dallas Cowboys,https://www.ticketmaster.com/new-york-giants-vs-dallas-cowboys-east-rutherford-new-jersey-09-26-2024/event/00006096DC1E4DE8,2024-09-26,20:15:00,Football,NFL,150.0,998.0,4.0,KovZpakS7e,MetLife Stadium,East Rutherford,One MetLife Stadium Drive,New Jersey,40.81359,-74.074493,New York/Tri-State Area,New York Giants
G5dIZbGmrlwXS,Houston Texans Training Camp: Day 4,https://www.ticketmaster.com/houston-texans-training-camp-day-4-houston-texas-07-27-2024/event/3A0060CB9EAF2FB3,2024-07-27,08:00:00,Football,NFL,,,,KovZpZAEdFeA,NRG Stadium,Houston,One NRG Park,Texas,29.684885,-95.410875,Houston and More,Houston Texans
vvG1VZbal1J0OC,Miami Dolphins v Jacksonville Jaguars,https://www.ticketmaster.com/miami-dolphins-v-jacksonville-jaguars-miami-florida-09-08-2024/event/0D00609ACA9A480E,2024-09-08,13:00:00,Football,NFL,100.0,1600.0,4.0,KovZpZAEkvtA,Hard Rock Stadium,Miami,347 Don Shula Drive,Florida,25.957928,-80.238866,Miami,Miami Dolphins
G5dIZbGmrcxT4,Houston Texans Training Camp: Day 6,https://www.ticketmaster.com/houston-texans-training-camp-day-6-houston-texas-08-11-2024/event/3A0060CB9EB62FD5,2024-08-11,17:30:00,Football,NFL,,,,KovZpZAEdFeA,NRG Stadium,Houston,One NRG Park,Texas,29.684885,-95.410875,Houston and More,Houston Texans
vv17bZb7GkMCjpcr,Minnesota Vikings vs. Houston Texans,https://www.ticketmaster.com/minnesota-vikings-vs-houston-texans-minneapolis-minnesota-09-22-2024/event/0600604DCE716B5E,2024-09-22,12:00:00,Football,NFL,76.0,1150.0,4.0,KovZpZAF6ttA,U.S. Bank Stadium,Minneapolis,401 Chicago Avenue,Minnesota,44.973617,-93.257528,Minneapolis/St. Paul and More,Minnesota Vikings
G5dIZbGmrleXt,Houston Texans Training Camp: Day 3,https://www.ticketmaster.com/houston-texans-training-camp-day-3-houston-texas-07-26-2024/event/3A0060CB9EAC2FA9,2024-07-26,08:00:00,Football,NFL,,,,KovZpZAEdFeA,NRG Stadium,Houston,One NRG Park,Texas,29.684885,-95.410875,Houston and More,Houston Texans
G5vzZ9g3teevd,Colorado Rockies vs. Los Angeles Dodgers,https://www.ticketmaster.com/colorado-rockies-vs-los-angeles-dodgers-denver-colorado-09-27-2024/event/1E005F54A9082043,2024-09-27,18:10:00,Baseball,MLB,18.0,310.0,4.0,KovZpZA6t7kA,Coors Field,Denver,2001 Blake St.,Colorado,39.7564355,-104.9942814,Denver and More,Colorado Rockies
1ApZkvPGkeyASCX,Pittsburgh Steelers vs. Baltimore Ravens,https://www.ticketmaster.com/pittsburgh-steelers-vs-baltimore-ravens-pittsburgh-pennsylvania-11-17-2024/event/16006065B91733BE,2024-11-17,13:00:00,Football,NFL,50.0,1568.0,4.0,KovZpZAFa6nA,Acrisure Stadium,Pittsburgh,100 Art Rooney Avenue,Pennsylvania,40.446093,-80.015884,Pittsburgh,Pittsburgh Steelers
vv17bZbkGkD72VjM,Kansas City Chiefs v New Orleans Saints,https://www.ticketmaster.com/kansas-city-chiefs-v-new-orleans-kansas-city-missouri-10-07-2024/event/0600606EC43F4737,2024-10-07,19:15:00,Football,NFL,185.0,998.0,4.0,KovZpZAF7E1A,GEHA Field at Arrowhead Stadium,Kansas City,1 Arrowhead Dr,Missouri,39.04921048,-94.48417065,Kansas City and More,Kansas City Chiefs
1ApZkvPGkeyud8l,Pittsburgh Steelers vs. New York Giants,https://www.ticketmaster.com/pittsburgh-steelers-vs-new-york-giants-pittsburgh-pennsylvania-10-28-2024/event/16006065B934342B,2024-10-28,20:15:00,Football,NFL,50.0,1348.0,4.0,KovZpZAFa6nA,Acrisure Stadium,Pittsburgh,100 Art Rooney Avenue,Pennsylvania,40.446093,-80.015884,Pittsburgh,Pittsburgh Steelers
vvG1fZbu5aiUBY,Training Camp Session 5,https://www.ticketmaster.com/training-camp-session-5-berea-ohio-08-20-2024/event/050060D2C9B36EB0,2024-08-20,13:30:00,Football,NFL,,,,KovZ917AIOU,CrossCountry Mortgage Campus,Berea,76 Lou Groza Blvd,Ohio,41.38199,-81.84976," Youngstown & More""",Cleveland Browns
k7vGFbahjGVzA,New York Giants vs. Philadelphia Eagles,https://www.ticketmaster.com/new-york-giants-vs-philadelphia-eagles-east-rutherford-new-jersey-10-20-2024/event/00006096DC334E05,2024-10-20,13:00:00,Football,NFL,150.0,998.0,4.0,KovZpakS7e,MetLife Stadium,East Rutherford,One MetLife Stadium Drive,New Jersey,40.81359,-74.074493,New York/Tri-State Area,New York Giants
G5vYZbFm7U3Bk,San Francisco 49ers vs. Chicago Bears,https://www.ticketmaster.com/san-francisco-49ers-vs-chicago-bears-santa-clara-california-12-08-2024/event/1C00608B84D92E86,2024-12-08,13:25:00,Football,NFL,180.0,1215.0,4.0,KovZpZAJaFkA,Levi's® Stadium,Santa Clara,4900 Marie P. DeBartolo Way,California,37.40367671,-121.97034311,N. California/N. Nevada,San Francisco 49ers
G5eVZb5h29gzs,2024 Panthers Fan Fest,https://www.ticketmaster.com/2024-panthers-fan-fest-clemson-south-carolina-08-01-2024/event/2D0060B6CF5F5E31,2024-08-01,18:30:00,Football,NFL,4.67,4.67,,KovZpZAJe77A,Clemson Memorial Stadium,Clemson,G St & Champion Ave.,South Carolina,34.67880745,-82.84331468,South Carolina,Carolina Panthers
k7vGFbkBGWsJV,Buffalo Bills vs. Miami Dolphins,https://www.ticketmaster.com/buffalo-bills-vs-miami-dolphins-orchard-park-new-york-11-03-2024/event/0000606E8CF719B4,2024-11-03,13:00:00,Football,NFL,190.34,548.05,50.0,KovZpZAdJ1vA,Highmark Stadium,Orchard Park,1 Bills Drive,New York,42.773743,-78.786955,Upstate New York,Buffalo Bills
1AeFZbFGknkpYMV,Jacksonville Jaguars vs. Kansas City Chiefs,https://www.ticketmaster.com/jacksonville-jaguars-vs-kansas-city-chiefs-jacksonville-florida-08-10-2024/event/2200608A865B0DF4,2024-08-10,19:00:00,Football,NFL,88.0,888.0,4.0,KovZpZAEkJ7A,EverBank Stadium ,Jacksonville,1 EverBank Stadium Drive,Florida,30.323887,-81.637357,Jacksonville and More,Jacksonville Jaguars
G5eVZbkDF24U4,Carolina Panthers vs. Kansas City Chiefs,https://www.ticketmaster.com/carolina-panthers-vs-kansas-city-chiefs-charlotte-north-carolina-11-24-2024/event/2D00606EC83D5D95,2024-11-24,13:00:00,Football,NFL,170.0,1000.0,4.0,KovZpa3hje,Bank of America Stadium,Charlotte,800 South Mint Street,North Carolina,35.225789,-80.852829,Charlotte,Carolina Panthers
1ApZkvPGkey7KCy,Preseason: Pittsburgh Steelers v Houston Texans,https://www.ticketmaster.com/preseason-pittsburgh-steelers-v-houston-texans-pittsburgh-pennsylvania-08-09-2024/event/16006065B91133B9,2024-08-09,19:00:00,Football,NFL,39.0,545.0,4.0,KovZpZAFa6nA,Acrisure Stadium,Pittsburgh,100 Art Rooney Avenue,Pennsylvania,40.446093,-80.015884,Pittsburgh,Pittsburgh Steelers
G5vVZ9whGoVUD,New York Yankees vs. St. Louis Cardinals,https://www.ticketmaster.com/new-york-yankees-vs-st-louis-bronx-new-york-08-30-2024/event/1D005F26CC474DBB,2024-08-30,19:05:00,Baseball,MLB,30.0,390.0,19.0,KovZpZA6t77A,Yankee Stadium,Bronx,1 East 161st Street,New York,40.8285237,-73.9276264,New York/Tri-State Area,New York Yankees
G5dIZbaugSvmF,Houston Texans vs. Buffalo Bills,https://www.ticketmaster.com/houston-texans-vs-buffalo-bills-houston-texas-10-06-2024/event/3A00609375CC1B88,2024-10-06,12:00:00,Football,NFL,210.0,615.0,4.0,KovZpZAEdFeA,NRG Stadium,Houston,One NRG Park,Texas,29.684885,-95.410875,Houston and More,Houston Texans
vvG1zZ9UD1bNAP,Atlanta Braves vs. Los Angeles Dodgers,https://www.ticketmaster.com/atlanta-braves-vs-los-angeles-dodgers-atlanta-georgia-09-14-2024/event/0E005F6ECA623165,2024-09-14,19:20:00,Baseball,MLB,10.0,502.0,19.0,KovZpZAtv11A,Truist Park,Atlanta,755 Battery Avenue,Georgia,33.890304,-84.468127,Atlanta,Atlanta Braves
vv17FZbaGkM3c7OE,Philadelphia Eagles vs. Dallas Cowboys,https://www.ticketmaster.com/philadelphia-eagles-vs-dallas-cowboys-philadelphia-pennsylvania-12-29-2024/event/0200609DD2B44827,2024-12-29,16:25:00,Football,NFL,130.0,785.0,4.0,KovZpa2yme,Lincoln Financial Field,Philadelphia,One Lincoln Financial Way,Pennsylvania,39.900706,-75.167406,Philadelphia,Philadelphia Eagles
vv1AAZke8GkdOu4f1,Preseason Cleveland Browns v Green Bay Packers,https://www.ticketmaster.com/preseason-cleveland-browns-v-green-bay-cleveland-ohio-08-10-2024/event/05006090E035550A,2024-08-10,16:25:00,Football,NFL,21.0,998.0,8.0,KovZpZAFdEJA,Cleveland Browns Stadium,Cleveland,100 Alfred Lerner Way,Ohio,41.50603554,-81.69956958," Youngstown & More""",Cleveland Browns
k7vGFb6M6KkjR,New York Jets vs. Denver Broncos,https://www.ticketmaster.com/new-york-jets-vs-denver-broncos-east-rutherford-new-jersey-09-29-2024/event/0000607DC74C672F,2024-09-29,13:00:00,Football,NFL,139.0,1050.0,2.0,KovZpakS7e,MetLife Stadium,East Rutherford,One MetLife Stadium Drive,New Jersey,40.81359,-74.074493,New York/Tri-State Area,New York Jets
vvG1YZbaLwYVeU,Dallas Cowboys vs. Baltimore Ravens,https://www.ticketmaster.com/dallas-cowboys-vs-baltimore-ravens-arlington-texas-09-22-2024/event/0C006097F2C340B6,2024-09-22,15:25:00,Football,NFL,,,4.0,KovZpZAJvndA,AT&T Stadium,Arlington,One AT&T Way,Texas,32.74790427,-97.09345578,Dallas - Fort Worth and More,Dallas Cowboys
1AvbZb6GklZg0LF,Cincinnati Bengals vs. Baltimore Ravens,https://www.ticketmaster.com/cincinnati-bengals-vs-baltimore-ravens-cincinnati-ohio-10-06-2024/event/1600607AC0D647C8,2024-10-06,13:00:00,Football,NFL,150.0,930.0,4.0,KovZpZAFkelA,Paycor Stadium,Cincinnati,One Paycor Stadium,Ohio,39.0955556,-84.5161111,Cincinnati and Dayton,Cincinnati Bengals
vvG1HZbFH8gJ0s,Seattle Seahawks v New York Giants,https://www.ticketmaster.com/seattle-seahawks-v-new-york-giants-seattle-washington-10-06-2024/event/0F00608F10D66931,2024-10-06,13:25:00,Football,NFL,110.0,800.0,4.0,KovZpZAEknnA,Lumen Field,Seattle,800 Occidental Ave S,Washington,47.595083,-122.331607,Seattle Area,Seattle Seahawks
vv17FZbaGkM3wf-2,Philadelphia Eagles vs. Pittsburgh Steelers,https://www.ticketmaster.com/philadelphia-eagles-vs-pittsburgh-steelers-philadelphia-pennsylvania-12-15-2024/event/0200609DD2C9484F,2024-12-15,16:25:00,Football,NFL,130.0,785.0,4.0,KovZpa2yme,Lincoln Financial Field,Philadelphia,One Lincoln Financial Way,Pennsylvania,39.900706,-75.167406,Philadelphia,Philadelphia Eagles
vvG1zZbFRLVM70,Atlanta Falcons vs. New Orleans Saints,https://www.ticketmaster.com/atlanta-falcons-vs-new-orleans-saints-atlanta-georgia-09-29-2024/event/0E00608BDFD37124,2024-09-29,13:00:00,Football,NFL,80.0,900.0,4.0,KovZpZAEdJaA,Mercedes-Benz Stadium,Atlanta,1 AMB Drive NW,Georgia,33.755389,-84.400823,Atlanta,Atlanta Falcons
vv1AAZkvVGkdArV4L,Indianapolis Colts vs. Pittsburgh Steelers,https://www.ticketmaster.com/indianapolis-colts-vs-pittsburgh-steelers-indianapolis-indiana-09-29-2024/event/05006074C57B455F,2024-09-29,13:00:00,Football,NFL,90.0,998.0,4.0,KovZpZAdEJEA,Lucas Oil Stadium,Indianapolis,500 S. Capitol Ave.,Indiana,39.76007,-86.163821,Indianapolis and More,Indianapolis Colts
G5vzZbuCI2S3m,Denver Broncos Training Camp,https://www.ticketmaster.com/denver-broncos-training-camp-englewood-colorado-08-09-2024/event/1E0060D3A83F34AE,2024-08-09,12:15:00,Football,NFL,,,,KovZ917ALMz,Broncos Park Powered by CommonSpirit,Englewood,13655 E. Broncos Pkwy.,Colorado,39.578911,-104.830114,Denver and More,Denver Broncos
G5vzZbuCxFwgC,Denver Broncos Training Camp,https://www.ticketmaster.com/denver-broncos-training-camp-englewood-colorado-07-29-2024/event/1E0060D3A2232D4E,2024-07-29,10:00:00,Football,NFL,,,,KovZ917ALMz,Broncos Park Powered by CommonSpirit,Englewood,13655 E. Broncos Pkwy.,Colorado,39.578911,-104.830114,Denver and More,Denver Broncos
k7vGFbkBGDvJ-,Buffalo Bills vs. Jacksonville Jaguars,https://www.ticketmaster.com/buffalo-bills-vs-jacksonville-jaguars-orchard-park-new-york-09-23-2024/event/0000606E8CEC19A1,2024-09-23,19:30:00,Football,NFL,96.55,526.9,50.0,KovZpZAdJ1vA,Highmark Stadium,Orchard Park,1 Bills Drive,New York,42.773743,-78.786955,Upstate New York,Buffalo Bills
vvG1VZb69xbKSF,Tampa Bay Buccaneers vs. Denver Broncos,https://www.ticketmaster.com/tampa-bay-buccaneers-vs-denver-broncos-tampa-florida-09-22-2024/event/0D006075E2613CC8,2024-09-22,13:00:00,Football,NFL,77.0,772.0,4.0,KovZpZAFnl1A,Raymond James Stadium,Tampa,4201 North Dale Mabry Highway,Florida,27.975976,-82.503474,Tampa,Tampa Bay Buccaneers
vvG1zZbFRLM97I,Atlanta Falcons v Jacksonville Jaguars,https://www.ticketmaster.com/atlanta-falcons-v-jacksonville-jaguars-atlanta-georgia-08-23-2024/event/0E00608BDFDD7128,2024-08-23,19:00:00,Football,NFL,20.0,990.0,4.0,KovZpZAEdJaA,Mercedes-Benz Stadium,Atlanta,1 AMB Drive NW,Georgia,33.755389,-84.400823,Atlanta,Atlanta Falcons
